{
    "Title": "Rodent Test Group",
    "Link": "@sgrodents",
    "Language": "EN",
    "Enabled": true,
    "URL_Enabled": true,
    "RM_All_Msg": false,
    "Captcha_Chars_Mode": "nums",
    "Captcha_Time": 300,
    "Captcha_Difficulty_Level": 2,
    "Restrict_Non_Text": 0,
    "Rm_Result_Msg": true,
    "Rm_Welcome_Msg": true,
    "Poll_Q": "",
    "Poll_A": [
        "",
        "",
        "",
        "",
        "",
        ""
    ],
    "Poll_C_A": 0,
    "Welcome_Msg": "-",
    "Welcome_Time": 60,
    "Ignore_List": []
}